Workbook

Sheet FirstRuns
A1: Game | B1: LOOPED | C1: MAX_TURNS | D1: TIE-Sf | E1: TIE-St | F1: WINf-Sf | G1: WINf-St | H1: WINt-Sf | I1: WINt-St | J1: no_result | K1: endless | L1: t_wins | M1: str_wins | N1: t_win_pct | O1: str_w_pct | P1: tie_pct | Q1: win_pval | R1: starter_pval | S1: win_fair | T1: starter_fair

Sheet SecondRuns
A1: Game | B1: LOOPED | C1: MAX_TURNS | D1: TIE-Sf | E1: TIE-St | F1: WINf-Sf | G1: WINf-St | H1: WINt-Sf | I1: WINt-St | J1: no_result | K1: endless | L1: t_wins | M1: str_wins | N1: t_win_pct | O1: str_w_pct | P1: tie_pct | Q1: win_pval | R1: starter_pval | S1: win_fair | T1: starter_fair

Sheet Combined
C1: copy | D1: copy | E1: copy | F1: copy | G1: copy | H1: copy | I1: copy | J1: copy | K1: copy | L1: copy | M1: copy | N1: copy | P1: copy | Q1: copy | R1: copy | Y1: copy | Z1: copy | AB1: copy | AC1: copy
C2: LOOPED | D2: MAXED | E2: TIE-Sf | F2: TIE-St | G2: WINf-Sf | H2: WINf-St | I2: WINt-Sf | J2: WINt-St | K2: no_result | L2: endless | M2: t_wins | N2: str_wins | O2: wins | P2: True Win % | Q2: Starter Win % | R2: Tie % of all | S2: t_wins | T2: f_wins | U2: starter_wins | V2: ns_wins | W2: expect1 | X2: expect2 | Y2: w pval | Z2: st pval | AA2: 0.05 | AB2: win Fair | AC2: Starter Fair
A3: =FirstRuns!A2 -> 0 | B3: =SecondRuns!A2 -> 0 | C3: =FirstRuns!B2+SecondRuns!B2 -> 0 | D3: =FirstRuns!C2+SecondRuns!C2 -> 0 | E3: =FirstRuns!D2+SecondRuns!D2 -> 0 | F3: =FirstRuns!E2+SecondRuns!E2 -> 0 | G3: =FirstRuns!F2+SecondRuns!F2 -> 0 | H3: =FirstRuns!G2+SecondRuns!G2 -> 0 | I3: =FirstRuns!H2+SecondRuns!H2 -> 0 | J3: =FirstRuns!I2+SecondRuns!I2 -> 0 | ... L3: =FirstRuns!K2+SecondRuns!K2 -> 0 | M3: =SUM(I3:J3) -> 0 | N3: =SUM(G3,J3) -> 0 | O3: =SUM(G3:J3) -> 0 | P3: =S3/O3 -> #DIV/0! | Q3: =U3/O3 -> #DIV/0! | R3: =SUM(E3:F3)/SUM(C3:J3) -> #DIV/0! | S3: =M3 -> 0 | T3: =O3-S3 -> 0 | U3: =N3 -> 0 | V3: =O3-U3 -> 0 | W3: =O3/2 -> 0 | X3: =W3 -> 0 | Y3: =_xlfn.CHISQ.TEST(S3:T3,W3:X3) -> #DIV/0! | Z3: =_xlfn.CHISQ.TEST(U3:V3,W3:X3) -> #DIV/0! | AB3: =Y3 >$AA$2 -> #DIV/0! | AC3: =Z3 >$AA$2 -> #DIV/0! | AE3: =SUM(B3:J3) -> 0
A4: =FirstRuns!A3 -> 0 | B4: =SecondRuns!A3 -> 0 | C4: =FirstRuns!B3+SecondRuns!B3 -> 0 | D4: =FirstRuns!C3+SecondRuns!C3 -> 0 | E4: =FirstRuns!D3+SecondRuns!D3 -> 0 | F4: =FirstRuns!E3+SecondRuns!E3 -> 0 | G4: =FirstRuns!F3+SecondRuns!F3 -> 0 | H4: =FirstRuns!G3+SecondRuns!G3 -> 0 | I4: =FirstRuns!H3+SecondRuns!H3 -> 0 | J4: =FirstRuns!I3+SecondRuns!I3 -> 0 | ... L4: =FirstRuns!K3+SecondRuns!K3 -> 0 | M4: =SUM(I4:J4) -> 0 | N4: =SUM(G4,J4) -> 0 | O4: =SUM(G4:J4) -> 0 | P4: =S4/O4 -> #DIV/0! | Q4: =U4/O4 -> #DIV/0! | R4: =SUM(E4:F4)/SUM(C4:J4) -> #DIV/0! | S4: =M4 -> 0 | T4: =O4-S4 -> 0 | U4: =N4 -> 0 | V4: =O4-U4 -> 0 | W4: =O4/2 -> 0 | X4: =W4 -> 0 | Y4: =_xlfn.CHISQ.TEST(S4:T4,W4:X4) -> #DIV/0! | Z4: =_xlfn.CHISQ.TEST(U4:V4,W4:X4) -> #DIV/0! | AB4: =Y4 >$AA$2 -> #DIV/0! | AC4: =Z4 >$AA$2 -> #DIV/0! | AE4: =SUM(B4:J4) -> 0
A5: =FirstRuns!A4 -> 0 | B5: =SecondRuns!A4 -> 0 | C5: =FirstRuns!B4+SecondRuns!B4 -> 0 | D5: =FirstRuns!C4+SecondRuns!C4 -> 0 | E5: =FirstRuns!D4+SecondRuns!D4 -> 0 | F5: =FirstRuns!E4+SecondRuns!E4 -> 0 | G5: =FirstRuns!F4+SecondRuns!F4 -> 0 | H5: =FirstRuns!G4+SecondRuns!G4 -> 0 | I5: =FirstRuns!H4+SecondRuns!H4 -> 0 | J5: =FirstRuns!I4+SecondRuns!I4 -> 0 | ... L5: =FirstRuns!K4+SecondRuns!K4 -> 0 | M5: =SUM(I5:J5) -> 0 | N5: =SUM(G5,J5) -> 0 | O5: =SUM(G5:J5) -> 0 | P5: =S5/O5 -> #DIV/0! | Q5: =U5/O5 -> #DIV/0! | R5: =SUM(E5:F5)/SUM(C5:J5) -> #DIV/0! | S5: =M5 -> 0 | T5: =O5-S5 -> 0 | U5: =N5 -> 0 | V5: =O5-U5 -> 0 | W5: =O5/2 -> 0 | X5: =W5 -> 0 | Y5: =_xlfn.CHISQ.TEST(S5:T5,W5:X5) -> #DIV/0! | Z5: =_xlfn.CHISQ.TEST(U5:V5,W5:X5) -> #DIV/0! | AB5: =Y5 >$AA$2 -> #DIV/0! | AC5: =Z5 >$AA$2 -> #DIV/0! | AE5: =SUM(B5:J5) -> 0
A6: =FirstRuns!A5 -> 0 | B6: =SecondRuns!A5 -> 0 | C6: =FirstRuns!B5+SecondRuns!B5 -> 0 | D6: =FirstRuns!C5+SecondRuns!C5 -> 0 | E6: =FirstRuns!D5+SecondRuns!D5 -> 0 | F6: =FirstRuns!E5+SecondRuns!E5 -> 0 | G6: =FirstRuns!F5+SecondRuns!F5 -> 0 | H6: =FirstRuns!G5+SecondRuns!G5 -> 0 | I6: =FirstRuns!H5+SecondRuns!H5 -> 0 | J6: =FirstRuns!I5+SecondRuns!I5 -> 0 | ... L6: =FirstRuns!K5+SecondRuns!K5 -> 0 | M6: =SUM(I6:J6) -> 0 | N6: =SUM(G6,J6) -> 0 | O6: =SUM(G6:J6) -> 0 | P6: =S6/O6 -> #DIV/0! | Q6: =U6/O6 -> #DIV/0! | R6: =SUM(E6:F6)/SUM(C6:J6) -> #DIV/0! | S6: =M6 -> 0 | T6: =O6-S6 -> 0 | U6: =N6 -> 0 | V6: =O6-U6 -> 0 | W6: =O6/2 -> 0 | X6: =W6 -> 0 | Y6: =_xlfn.CHISQ.TEST(S6:T6,W6:X6) -> #DIV/0! | Z6: =_xlfn.CHISQ.TEST(U6:V6,W6:X6) -> #DIV/0! | AB6: =Y6 >$AA$2 -> #DIV/0! | AC6: =Z6 >$AA$2 -> #DIV/0! | AE6: =SUM(B6:J6) -> 0
A7: =FirstRuns!A6 -> 0 | B7: =SecondRuns!A6 -> 0 | C7: =FirstRuns!B6+SecondRuns!B6 -> 0 | D7: =FirstRuns!C6+SecondRuns!C6 -> 0 | E7: =FirstRuns!D6+SecondRuns!D6 -> 0 | F7: =FirstRuns!E6+SecondRuns!E6 -> 0 | G7: =FirstRuns!F6+SecondRuns!F6 -> 0 | H7: =FirstRuns!G6+SecondRuns!G6 -> 0 | I7: =FirstRuns!H6+SecondRuns!H6 -> 0 | J7: =FirstRuns!I6+SecondRuns!I6 -> 0 | ... L7: =FirstRuns!K6+SecondRuns!K6 -> 0 | M7: =SUM(I7:J7) -> 0 | N7: =SUM(G7,J7) -> 0 | O7: =SUM(G7:J7) -> 0 | P7: =S7/O7 -> #DIV/0! | Q7: =U7/O7 -> #DIV/0! | R7: =SUM(E7:F7)/SUM(C7:J7) -> #DIV/0! | S7: =M7 -> 0 | T7: =O7-S7 -> 0 | U7: =N7 -> 0 | V7: =O7-U7 -> 0 | W7: =O7/2 -> 0 | X7: =W7 -> 0 | Y7: =_xlfn.CHISQ.TEST(S7:T7,W7:X7) -> #DIV/0! | Z7: =_xlfn.CHISQ.TEST(U7:V7,W7:X7) -> #DIV/0! | AB7: =Y7 >$AA$2 -> #DIV/0! | AC7: =Z7 >$AA$2 -> #DIV/0! | AE7: =SUM(B7:J7) -> 0
A8: =FirstRuns!A7 -> 0 | B8: =SecondRuns!A7 -> 0 | C8: =FirstRuns!B7+SecondRuns!B7 -> 0 | D8: =FirstRuns!C7+SecondRuns!C7 -> 0 | E8: =FirstRuns!D7+SecondRuns!D7 -> 0 | F8: =FirstRuns!E7+SecondRuns!E7 -> 0 | G8: =FirstRuns!F7+SecondRuns!F7 -> 0 | H8: =FirstRuns!G7+SecondRuns!G7 -> 0 | I8: =FirstRuns!H7+SecondRuns!H7 -> 0 | J8: =FirstRuns!I7+SecondRuns!I7 -> 0 | ... L8: =FirstRuns!K7+SecondRuns!K7 -> 0 | M8: =SUM(I8:J8) -> 0 | N8: =SUM(G8,J8) -> 0 | O8: =SUM(G8:J8) -> 0 | P8: =S8/O8 -> #DIV/0! | Q8: =U8/O8 -> #DIV/0! | R8: =SUM(E8:F8)/SUM(C8:J8) -> #DIV/0! | S8: =M8 -> 0 | T8: =O8-S8 -> 0 | U8: =N8 -> 0 | V8: =O8-U8 -> 0 | W8: =O8/2 -> 0 | X8: =W8 -> 0 | Y8: =_xlfn.CHISQ.TEST(S8:T8,W8:X8) -> #DIV/0! | Z8: =_xlfn.CHISQ.TEST(U8:V8,W8:X8) -> #DIV/0! | AB8: =Y8 >$AA$2 -> #DIV/0! | AC8: =Z8 >$AA$2 -> #DIV/0! | AE8: =SUM(B8:J8) -> 0
A9: =FirstRuns!A8 -> 0 | B9: =SecondRuns!A8 -> 0 | C9: =FirstRuns!B8+SecondRuns!B8 -> 0 | D9: =FirstRuns!C8+SecondRuns!C8 -> 0 | E9: =FirstRuns!D8+SecondRuns!D8 -> 0 | F9: =FirstRuns!E8+SecondRuns!E8 -> 0 | G9: =FirstRuns!F8+SecondRuns!F8 -> 0 | H9: =FirstRuns!G8+SecondRuns!G8 -> 0 | I9: =FirstRuns!H8+SecondRuns!H8 -> 0 | J9: =FirstRuns!I8+SecondRuns!I8 -> 0 | ... L9: =FirstRuns!K8+SecondRuns!K8 -> 0 | M9: =SUM(I9:J9) -> 0 | N9: =SUM(G9,J9) -> 0 | O9: =SUM(G9:J9) -> 0 | P9: =S9/O9 -> #DIV/0! | Q9: =U9/O9 -> #DIV/0! | R9: =SUM(E9:F9)/SUM(C9:J9) -> #DIV/0! | S9: =M9 -> 0 | T9: =O9-S9 -> 0 | U9: =N9 -> 0 | V9: =O9-U9 -> 0 | W9: =O9/2 -> 0 | X9: =W9 -> 0 | Y9: =_xlfn.CHISQ.TEST(S9:T9,W9:X9) -> #DIV/0! | Z9: =_xlfn.CHISQ.TEST(U9:V9,W9:X9) -> #DIV/0! | AB9: =Y9 >$AA$2 -> #DIV/0! | AC9: =Z9 >$AA$2 -> #DIV/0! | AE9: =SUM(B9:J9) -> 0
A10: =FirstRuns!A9 -> 0 | B10: =SecondRuns!A9 -> 0 | C10: =FirstRuns!B9+SecondRuns!B9 -> 0 | D10: =FirstRuns!C9+SecondRuns!C9 -> 0 | E10: =FirstRuns!D9+SecondRuns!D9 -> 0 | F10: =FirstRuns!E9+SecondRuns!E9 -> 0 | G10: =FirstRuns!F9+SecondRuns!F9 -> 0 | H10: =FirstRuns!G9+SecondRuns!G9 -> 0 | I10: =FirstRuns!H9+SecondRuns!H9 -> 0 | J10: =FirstRuns!I9+SecondRuns!I9 -> 0 | ... L10: =FirstRuns!K9+SecondRuns!K9 -> 0 | M10: =SUM(I10:J10) -> 0 | N10: =SUM(G10,J10) -> 0 | O10: =SUM(G10:J10) -> 0 | P10: =S10/O10 -> #DIV/0! | Q10: =U10/O10 -> #DIV/0! | R10: =SUM(E10:F10)/SUM(C10:J10) -> #DIV/0! | S10: =M10 -> 0 | T10: =O10-S10 -> 0 | U10: =N10 -> 0 | V10: =O10-U10 -> 0 | W10: =O10/2 -> 0 | X10: =W10 -> 0 | Y10: =_xlfn.CHISQ.TEST(S10:T10,W10:X10) -> #DIV/0! | Z10: =_xlfn.CHISQ.TEST(U10:V10,W10:X10) -> #DIV/0! | AB10: =Y10 >$AA$2 -> #DIV/0! | AC10: =Z10 >$AA$2 -> #DIV/0! | AE10: =SUM(B10:J10) -> 0
A11: =FirstRuns!A10 -> 0 | B11: =SecondRuns!A10 -> 0 | C11: =FirstRuns!B10+SecondRuns!B10 -> 0 | D11: =FirstRuns!C10+SecondRuns!C10 -> 0 | E11: =FirstRuns!D10+SecondRuns!D10 -> 0 | F11: =FirstRuns!E10+SecondRuns!E10 -> 0 | G11: =FirstRuns!F10+SecondRuns!F10 -> 0 | H11: =FirstRuns!G10+SecondRuns!G10 -> 0 | I11: =FirstRuns!H10+SecondRuns!H10 -> 0 | J11: =FirstRuns!I10+SecondRuns!I10 -> 0 | ... L11: =FirstRuns!K10+SecondRuns!K10 -> 0 | M11: =SUM(I11:J11) -> 0 | N11: =SUM(G11,J11) -> 0 | O11: =SUM(G11:J11) -> 0 | P11: =S11/O11 -> #DIV/0! | Q11: =U11/O11 -> #DIV/0! | R11: =SUM(E11:F11)/SUM(C11:J11) -> #DIV/0! | S11: =M11 -> 0 | T11: =O11-S11 -> 0 | U11: =N11 -> 0 | V11: =O11-U11 -> 0 | W11: =O11/2 -> 0 | X11: =W11 -> 0 | Y11: =_xlfn.CHISQ.TEST(S11:T11,W11:X11) -> #DIV/0! | Z11: =_xlfn.CHISQ.TEST(U11:V11,W11:X11) -> #DIV/0! | AB11: =Y11 >$AA$2 -> #DIV/0! | AC11: =Z11 >$AA$2 -> #DIV/0! | AE11: =SUM(B11:J11) -> 0
A12: =FirstRuns!A11 -> 0 | B12: =SecondRuns!A11 -> 0 | C12: =FirstRuns!B11+SecondRuns!B11 -> 0 | D12: =FirstRuns!C11+SecondRuns!C11 -> 0 | E12: =FirstRuns!D11+SecondRuns!D11 -> 0 | F12: =FirstRuns!E11+SecondRuns!E11 -> 0 | G12: =FirstRuns!F11+SecondRuns!F11 -> 0 | H12: =FirstRuns!G11+SecondRuns!G11 -> 0 | I12: =FirstRuns!H11+SecondRuns!H11 -> 0 | J12: =FirstRuns!I11+SecondRuns!I11 -> 0 | ... L12: =FirstRuns!K11+SecondRuns!K11 -> 0 | M12: =SUM(I12:J12) -> 0 | N12: =SUM(G12,J12) -> 0 | O12: =SUM(G12:J12) -> 0 | P12: =S12/O12 -> #DIV/0! | Q12: =U12/O12 -> #DIV/0! | R12: =SUM(E12:F12)/SUM(C12:J12) -> #DIV/0! | S12: =M12 -> 0 | T12: =O12-S12 -> 0 | U12: =N12 -> 0 | V12: =O12-U12 -> 0 | W12: =O12/2 -> 0 | X12: =W12 -> 0 | Y12: =_xlfn.CHISQ.TEST(S12:T12,W12:X12) -> #DIV/0! | Z12: =_xlfn.CHISQ.TEST(U12:V12,W12:X12) -> #DIV/0! | AB12: =Y12 >$AA$2 -> #DIV/0! | AC12: =Z12 >$AA$2 -> #DIV/0! | AE12: =SUM(B12:J12) -> 0
A13: =FirstRuns!A12 -> 0 | B13: =SecondRuns!A12 -> 0 | C13: =FirstRuns!B12+SecondRuns!B12 -> 0 | D13: =FirstRuns!C12+SecondRuns!C12 -> 0 | E13: =FirstRuns!D12+SecondRuns!D12 -> 0 | F13: =FirstRuns!E12+SecondRuns!E12 -> 0 | G13: =FirstRuns!F12+SecondRuns!F12 -> 0 | H13: =FirstRuns!G12+SecondRuns!G12 -> 0 | I13: =FirstRuns!H12+SecondRuns!H12 -> 0 | J13: =FirstRuns!I12+SecondRuns!I12 -> 0 | ... L13: =FirstRuns!K12+SecondRuns!K12 -> 0 | M13: =SUM(I13:J13) -> 0 | N13: =SUM(G13,J13) -> 0 | O13: =SUM(G13:J13) -> 0 | P13: =S13/O13 -> #DIV/0! | Q13: =U13/O13 -> #DIV/0! | R13: =SUM(E13:F13)/SUM(C13:J13) -> #DIV/0! | S13: =M13 -> 0 | T13: =O13-S13 -> 0 | U13: =N13 -> 0 | V13: =O13-U13 -> 0 | W13: =O13/2 -> 0 | X13: =W13 -> 0 | Y13: =_xlfn.CHISQ.TEST(S13:T13,W13:X13) -> #DIV/0! | Z13: =_xlfn.CHISQ.TEST(U13:V13,W13:X13) -> #DIV/0! | AB13: =Y13 >$AA$2 -> #DIV/0! | AC13: =Z13 >$AA$2 -> #DIV/0! | AE13: =SUM(B13:J13) -> 0
A14: =FirstRuns!A13 -> 0 | B14: =SecondRuns!A13 -> 0 | C14: =FirstRuns!B13+SecondRuns!B13 -> 0 | D14: =FirstRuns!C13+SecondRuns!C13 -> 0 | E14: =FirstRuns!D13+SecondRuns!D13 -> 0 | F14: =FirstRuns!E13+SecondRuns!E13 -> 0 | G14: =FirstRuns!F13+SecondRuns!F13 -> 0 | H14: =FirstRuns!G13+SecondRuns!G13 -> 0 | I14: =FirstRuns!H13+SecondRuns!H13 -> 0 | J14: =FirstRuns!I13+SecondRuns!I13 -> 0 | ... L14: =FirstRuns!K13+SecondRuns!K13 -> 0 | M14: =SUM(I14:J14) -> 0 | N14: =SUM(G14,J14) -> 0 | O14: =SUM(G14:J14) -> 0 | P14: =S14/O14 -> #DIV/0! | Q14: =U14/O14 -> #DIV/0! | R14: =SUM(E14:F14)/SUM(C14:J14) -> #DIV/0! | S14: =M14 -> 0 | T14: =O14-S14 -> 0 | U14: =N14 -> 0 | V14: =O14-U14 -> 0 | W14: =O14/2 -> 0 | X14: =W14 -> 0 | Y14: =_xlfn.CHISQ.TEST(S14:T14,W14:X14) -> #DIV/0! | Z14: =_xlfn.CHISQ.TEST(U14:V14,W14:X14) -> #DIV/0! | AB14: =Y14 >$AA$2 -> #DIV/0! | AC14: =Z14 >$AA$2 -> #DIV/0! | AE14: =SUM(B14:J14) -> 0
... A79: =FirstRuns!A78 -> 0 | B79: =SecondRuns!A78 -> 0 | C79: =FirstRuns!B78+SecondRuns!B78 -> 0 | D79: =FirstRuns!C78+SecondRuns!C78 -> 0 | E79: =FirstRuns!D78+SecondRuns!D78 -> 0 | F79: =FirstRuns!E78+SecondRuns!E78 -> 0 | G79: =FirstRuns!F78+SecondRuns!F78 -> 0 | H79: =FirstRuns!G78+SecondRuns!G78 -> 0 | I79: =FirstRuns!H78+SecondRuns!H78 -> 0 | J79: =FirstRuns!I78+SecondRuns!I78 -> 0 | ... L79: =FirstRuns!K78+SecondRuns!K78 -> 0 | M79: =SUM(I79:J79) -> 0 | N79: =SUM(G79,J79) -> 0 | O79: =SUM(G79:J79) -> 0 | P79: =S79/O79 -> #DIV/0! | Q79: =U79/O79 -> #DIV/0! | R79: =SUM(E79:F79)/SUM(C79:J79) -> #DIV/0! | S79: =M79 -> 0 | T79: =O79-S79 -> 0 | U79: =N79 -> 0 | V79: =O79-U79 -> 0 | W79: =O79/2 -> 0 | X79: =W79 -> 0 | Y79: =_xlfn.CHISQ.TEST(S79:T79,W79:X79) -> #DIV/0! | Z79: =_xlfn.CHISQ.TEST(U79:V79,W79:X79) -> #DIV/0! | AB79: =Y79 >$AA$2 -> #DIV/0! | AC79: =Z79 >$AA$2 -> #DIV/0! | AE79: =SUM(B79:J79) -> 0
